SKU,DEPT,CLASSID,UPC,STYLE,COLOR,SIZE,PACKSIZE,VENDOR,BRAND,DEPTDESC
3662367,4505,207,400002367366,4AZ   796509,BLUE/YELLO  ,XL        ,1,5715232,POLO FAS ,POLOMEN 
6533600,4505,107,400003600653,1A    796771,NAVY        ,XL        ,1,5715232,POLO FAS ,POLOMEN 
2883090,1202,302,400003090288,      R314  ,ZE/SAND     ,6         ,1,2012863,CABERNET ,CABERN  
4356618,1202,402,400006618435,      12D028,WHITE CABE  ,M         ,1,313319,CABERNET ,CABERN  
5109905,1202,201,400009905510,      75415 ,BEIGE       ,7         ,3,3626213,MILCO IN ,CABERN  
6939904,1202,201,400009904693,      75416 ,WHITE       ,6         ,3,3626213,MILCO IN ,CABERN  
7029904,1202,201,400009904702,      75416 ,WHITE       ,8         ,3,3626213,MILCO IN ,CABERN  
7039904,1202,201,400009904703,      75416 ,WHITE       ,9         ,3,3626213,MILCO IN ,CABERN  
7649904,1202,101,400009904764,      1007  ,WHITE       ,6         ,3,3626213,MILCO IN ,CABERN  
7839904,1202,101,400009904783,      1007  ,WHITE       ,7         ,3,3626213,MILCO IN ,CABERN  
9579904,1202,101,400009904957,      3008  ,WHITE       ,7         ,3,3626213,MILCO IN ,CABERN  
6367618,2102,909,400007618636,000   F44MG0,BLUSH       ,ONE       ,1,8213321,CAUSEKEE ,CAB     
656219,2200,001,400006219065,      3251  ,ABSOLUE LTN ,ABS LTN   ,3,113645,LANCOME  ,CELEBRT 
691755,2200,004,400001755069,      9555  ,LE SHARPENER,ACCESSORY ,20,113645,LANCOME  ,CELEBRT 
776350,2200,006,400006350077,      8864  ,01-BLACK    ,FLEXTEN   ,3,113645,LANCOME  ,CELEBRT 
913783,2200,001,400003783091,      3684  ,GALATEE CONF,6.8 OZ    ,3,113645,LANCOME  ,CELEBRT 
970638,2200,007,400000638097,      2704  ,02-PRALINE  ,ONE       ,3,113645,LANCOME  ,CELEBRT 
1009332,2200,001,400009332100,      4797  ,DRY/RESOLUT ,1.7 OUNCES,3,113645,LANCOME  ,CELEBRT 
1069332,2200,001,400009332106,      4798  ,NOR/C/RESOLU,1.7 OUNCES,3,113645,LANCOME  ,CELEBRT 
1147297,2200,003,400007297114,      7767  ,00-F'04     ,NO SIZE   ,6,113645,LANCOME  ,CELEBRT 
1184024,2200,005,400004024118,      2310  ,18-MIEL GLAC,BLUSH SUB ,3,113645,LANCOME  ,CELEBRT 
1206132,2200,006,400006132120,      4406  ,01-BLACK    ,NO SIZE   ,3,113645,LANCOME  ,CELEBRT 
1240638,2200,007,400000638124,      2704  ,05-CARAMEL  ,ONE       ,3,113645,LANCOME  ,CELEBRT 
1247384,2200,001,400007384124,      4507  ,00-1.7 OZ   ,NO SIZE   ,3,113645,LANCOME  ,CELEBRT 
1337310,2200,008,400007310133,      6367  ,00-HOLIDAY  ,NO SIZE   ,6,113645,LANCOME  ,CELEBRT 
1380638,2200,007,400000638138,      2704  ,08-BROWNIE  ,ONE       ,3,113645,LANCOME  ,CELEBRT 
1453783,2200,001,400003783145,      3685  ,MOUSSE CONFO,4.2 OZ    ,3,113645,LANCOME  ,CELEBRT 
1472914,2200,001,400002914147,      2635  ,1.7 REN LIFT,DISC      ,3,113645,LANCOME  ,CELEBRT 
1501376,2200,006,400001376150,      2789  ,07-CLICK    ,*DISC     ,3,113645,LANCOME  ,CELEBRT 
1583514,2200,006,400003514158,      2137  ,08-NATURAL  ,2137-08   ,3,113645,LANCOME  ,CELEBRT 
1640638,2200,007,400000638164,      2704  ,10-SUGAR P  ,ONE       ,3,113645,LANCOME  ,CELEBRT 
1968367,2200,004,400008367196,      2127  ,03 CLAIRE II,CONCEALOR ,3,113645,LANCOME  ,CELEBRT 
1978367,2200,004,400008367197,      2127  ,04 PORCELAIN,CONCEALOR ,3,113645,LANCOME  ,CELEBRT 
2083124,2200,007,400003124208,      2977  ,29-SPRING   ,JUICY TUBE,3,113645,LANCOME  ,CELEBRT 
2303514,2200,007,400003514230,      2977  ,33-SIMMER   ,JUICY TUBE,3,113645,LANCOME  ,CELEBRT 
2393514,2200,007,400003514239,      2534  ,35-IDEAL    ,LE LIP    ,3,113645,LANCOME  ,CELEBRT 
2468027,2200,001,400008027246,      1951  ,HYDRA-MAT   ,DISC      ,3,113645,LANCOME  ,CELEBRT 
2744854,2200,004,400004854274,      2105  ,08LIGHT BUFF,MAQUICOMPL,3,113645,LANCOME  ,CELEBRT 
2783996,2200,006,400003996278,      4408  ,01-BLACK    ,NO SIZE   ,3,113645,LANCOME  ,CELEBRT 
2793996,2200,006,400003996279,      4408  ,02-BROWN    ,NO SIZE   ,3,113645,LANCOME  ,CELEBRT 
2988370,2200,001,400008370298,      1447  ,RENERGIE    ,EYE CREAM ,3,113645,LANCOME  ,CELEBRT 
3163783,2200,001,400003783316,      3689  ,GEL CLARTE  ,4.2 OZ    ,3,113645,LANCOME  ,CELEBRT 
3332423,2200,007,400002423333,      2534  ,07-BRONZELLE,LE LIP    ,3,113645,LANCOME  ,CELEBRT 
3537981,2200,004,400007981353,      0589  ,FOUND #2    ,BRUSH     ,3,113645,LANCOME  ,CELEBRT 
3619770,2200,006,400009770361,      2480  ,01-CAFE     ,LINER     ,3,113645,LANCOME  ,CELEBRT 
3629770,2200,006,400009770362,      2480  ,02-NOIR     ,LINER     ,3,113645,LANCOME  ,CELEBRT 
3649770,2200,006,400009770364,      2480  ,04-PRUNE    ,LINER     ,3,113645,LANCOME  ,CELEBRT 
3672270,2200,001,400002270367,      3687  ,MOUSSE      ,CLARTE    ,3,113645,LANCOME  ,CELEBRT 
3743770,2200,005,400003770374,      4512  ,01-MOCHA HAV,SHIMMER   ,3,113645,LANCOME  ,CELEBRT 
3826582,2200,007,400006582382,      4415  ,14-SEXY PL  ,NO SIZE   ,3,0113645,LANCOME  ,CELEBRT 
3861688,2200,004,400001688386,      9793  ,06-L/CLR 20 ,NO SIZE   ,1,0113645,LANCOME  ,CELEBRT 
3871688,2200,004,400001688387,      9793  ,07-L/CLR 30 ,NO SIZE   ,1,0113645,LANCOME  ,CELEBRT 
3953783,2200,001,400003783395,      3692  ,TONIQUE CONF,6.8 OZ    ,3,0113645,LANCOME  ,CELEBRT 
4472217,2200,006,400002217447,      2474  ,77-HONEYMOON,*DISC     ,2,113645,LANCOME  ,CELEBRT 
4567759,2200,007,400007759456,      2977  ,86-TOUCHED  ,NO SIZE   ,3,113645,LANCOME  ,CELEBRT 
4674761,2200,001,400004761467,      3694  ,EX/CLARTE   ,3.4 OZ    ,3,113645,LANCOME  ,CELEBRT 
5219682,2200,007,400009682521,      2534  ,27-RAISINB  ,LE LIP    ,3,0113645,LANCOME  ,CELEBRT 
5528349,2200,006,400008349552,      2410  ,01-BLACK    ,01-BLACK  ,3,113645,LANCOME  ,CELEBRT 
5566577,2200,007,400006577556,      4415  ,03-CHEST F  ,NO SIZE   ,3,113645,LANCOME  ,CELEBRT 
5666577,2200,007,400006577566,      4415  ,06-CANDY A  ,NO SIZE   ,3,113645,LANCOME  ,CELEBRT 
5707471,2200,006,400007471570,      2480  ,07-BRONZE   ,LINER     ,3,113645,LANCOME  ,CELEBRT 
5871685,2200,006,400001685587,      4203  ,01-4STYLE   ,NO SIZE   ,3,113645,LANCOME  ,CELEBRT 
5928099,2200,004,400008099592,      9470  ,PENCIL SHARP,ACCESSORY ,20,113645,LANCOME  ,CELEBRT 
6420710,2200,001,400000710642,      0572  ,00-30ML     ,ALL       ,3,0113645,LANCOME  ,CELEBRT 
6461481,2200,007,400001481646,      2977  ,21-MIRACLE  ,JUICY TUBE,3,0113645,LANCOME  ,CELEBRT 
6618353,2200,004,400008353661,      2228  ,09-MAT AMAND,DUAL FINIS,3,0113645,LANCOME  ,CELEBRT 
6767960,2200,001,400007960676,      1117  ,TONIQ CONTRL,DISC      ,3,113645,LANCOME  ,CELEBRT 
7078368,2200,004,400008368707,      2228  ,14-MAT CLAIR,DUAL FINIS,3,113645,LANCOME  ,CELEBRT 
7221552,2200,006,400001552722,      2789  ,50-FILIGRE  ,*DISC     ,3,113645,LANCOME  ,CELEBRT 
7351914,2200,006,400001914735,      2406  ,COMPACT     ,DISC      ,3,113645,LANCOME  ,CELEBRT 
7382655,2200,001,400002655738,      1924  ,RESOL EYE   ,.5 OZ     ,3,113645,LANCOME  ,CELEBRT 
7567468,2200,006,400007468756,      2410  ,19-DEEP BR  ,19-DEEP BR,3,113645,LANCOME  ,CELEBRT 
7758362,2200,007,400008362775,      2513  ,18-CARAMEL  ,LIPCOLOR  ,3,113645,LANCOME  ,CELEBRT 
7777678,2200,006,400007678777,      2137  ,03-TAUPE    ,2137-03   ,3,113645,LANCOME  ,CELEBRT 
7783784,2200,001,400003784778,      3693  ,TONIQUE CLAR,6.8 OZ    ,3,113645,LANCOME  ,CELEBRT 
8148183,2200,007,400008183814,      2513  ,01-PLUM     ,LIPCOLOR  ,3,113645,LANCOME  ,CELEBRT 
8269682,2200,005,400009682826,      2310  ,32-ROUGE GLO,BLUSH SUB ,3,113645,LANCOME  ,CELEBRT 
8338370,2200,001,400008370833,      1410  ,RENERGIE    ,2.5       ,3,113645,LANCOME  ,CELEBRT 
8618636,2200,006,400008636861,      8267  ,01-BLACK    ,NO SIZE   ,3,113645,LANCOME  ,CELEBRT 
8718362,2200,001,400008362871,      1413  ,BI-FACIL    ,4.0 OZ    ,3,113645,LANCOME  ,CELEBRT 
8728362,2200,001,400008362872,      1433  ,EFFACIL LIQ ,4.0 OZ    ,3,113645,LANCOME  ,CELEBRT 
8748362,2200,001,400008362874,      1164  ,TONIQUE DOUC,6.8 OZ    ,3,113645,LANCOME  ,CELEBRT 
8768012,2200,006,400008012876,      2464  ,01-BLKEBONY ,KHOL EYE  ,3,113645,LANCOME  ,CELEBRT 
8788012,2200,006,400008012878,      2464  ,05-BLK LAPIS,KHOL EYE  ,3,113645,LANCOME  ,CELEBRT 
8798636,2200,006,400008636879,      9884  ,00-MASCARA  ,NO SIZE   ,3,0113645,LANCOME  ,CELEBRT 
8912390,2200,004,400002390891,      2105  ,03CLAIREII  ,MAQUICOMPL,3,0113645,LANCOME  ,CELEBRT 
8922390,2200,004,400002390892,      2105  ,06CORRECTEUR,MAQUICOMPL,3,0113645,LANCOME  ,CELEBRT 
8963391,2200,001,400003391896,      8784  ,EYE CREAM   ,.5 OUNCE  ,3,0113645,LANCOME  ,CELEBRT 
9087642,2200,003,400007642908,      1067  ,00-HOLIDAY  ,NO SIZE   ,6,0113645,LANCOME  ,CELEBRT 
9154793,2200,004,400004793915,      3923  ,03-CLAIR    ,NO SIZE   ,3,0113645,LANCOME  ,CELEBRT 
9288109,2200,004,400008109928,      2228  ,03-MAT BUFF ,DUAL FINIS,3,113645,LANCOME  ,CELEBRT 
9448352,2200,005,400008352944,      2310  ,01-APLUM    ,BLUSH SUB ,3,113645,LANCOME  ,CELEBRT 
9458352,2200,005,400008352945,      2310  ,02-CEDAR ROS,BLUSH SUB ,3,113645,LANCOME  ,CELEBRT 
9498352,2200,005,400008352949,      2310  ,06-CAPPUCI  ,BLUSH SUB ,3,113645,LANCOME  ,CELEBRT 
9836218,2200,001,400006218983,      2101  ,ABSOLUE CRM ,ABS CREAM ,3,0113645,LANCOME  ,CELEBRT 
426672,6402,762,400006672042,      U7046 ,BLACK       ,ALL       ,1,13031,HUE/KAYS ,FREDERI 
593920,6402,142,400003920059,      U6788 ,117WHT/APP  ,ALL       ,2,13031,HUE/KAYS ,FREDERI 
1026672,6402,762,400006672102,      U7046 ,DENIM       ,ALL       ,1,13031,HUE/KAYS ,FREDERI 
1933309,6402,172,400003309193,      U6745 ,001BLACK    ,ALL       ,1,13031,HUE/KAYS ,FREDERI 
2173309,6402,401,400003309217,      U6789 ,100WHITE    ,ALL       ,2,13031,HUE/KAYS ,FREDERI 
2332876,6402,342,400002876233,      3511  ,BLACK       ,ALL       ,6,5011295,GREAT AM ,FREDERI 
3301573,6402,331,400001573330,      5572  ,WHITE       ,ALL       ,4,5011295,GREAT AM ,FREDERI 
6696135,6402,416,400006135669,      U7188 ,102IVORY    ,ALL       ,1,0013031,HUE/KAYS ,FREDERI 
7136239,6402,583,400006239713,      U5304 ,BLACK       ,1         ,6,13031,HUE      ,FREDERI 
7313673,6402,999,400003673731,      2304  ,WHITE       ,ALL       ,4,5011295,GREAT AM ,FREDERI 
8976669,6402,442,400006669897,24    SOX-83,ORANGE COMBO,ALL       ,1,0616344,CAPELLI  ,FREDERI 
9304227,6402,142,400004227930,61    NWF038,CLASS. AST  ,ALL       ,1,9916342,ROYCE HO ,FREDERI 
9364227,6402,142,400004227936,71    NWF038,CLASS. AST  ,ALL       ,1,9916342,ROYCE HO ,FREDERI 
9552306,2105,512,400002306955,00    Y25UR1,WHITE       ,L         ,4,7016341,MAIN KNI ,R TAYLOR
9702306,2105,512,400002306970,00    Y25UR1,WHITE       ,XL        ,4,7016341,MAIN KNI ,R TAYLOR
9752306,2105,512,400002306975,01    Y25UR1,WHITE       ,XL        ,4,7016341,MAIN KNI ,R TAYLOR
9782306,2105,512,400002306978,02    Y25UR1,WHITE       ,M         ,4,7016341,MAIN KNI ,R TAYLOR
6926816,6400,003,400006816692,3     370344,STYLE EDP   ,2.5 OZ.   ,3,11679,DESIGNER ,BLUE    
2033536,5207,212,400003536203,001   HS417L,SAGE        ,DUF       ,1,3919403,MURANO   ,H SIERR 
2523536,5207,215,400003536252,002   HS417L,SAGE        ,GAR       ,1,3919403,MURANO   ,H SIERR 
29633,800,007,400009633002,      689U  ,03HONEY M   ,CITY BASE ,3,5511283,CLINIQUE ,CLINIQUE
29951,800,007,400009951002,      635P  ,13BABY KI   ,LL SHINE  ,3,5511283,CLINIQUE ,CLINIQUE
68086,800,007,400008086006,      6339  ,01UPLIGHTING,TOUCH BASE,3,5511283,CLINIQUE ,CLINIQUE
106343,800,006,400006343010,      67F9  ,FACE SCRUB  ,3.4 OZ.   ,3,5511283,CLINIQUE ,CLINIQUE
108507,800,007,400008507010,      6CJ1  ,01LGT/MED   ,PM INS PER,3,5511283,CLINIQUE ,CLINIQUE
136343,800,006,400006343013,      67FE  ,CREAM SHAVE ,4.2 OZ    ,3,5511283,CLINIQUE ,CLINIQUE
144138,800,007,400004138014,      6316  ,21STAY LGT  ,STAY LIGHT,3,5511283,CLINIQUE ,CLINIQUE
208362,800,005,400008362020,      660601,BDY SMOOTHER,6 FL OZ.  ,3,5511283,CLINIQUE ,CLINIQUE
243921,800,002,400003921024,      661E01,WATER DIS CR,*DISC     ,3,5511283,CLINIQUE ,CLINIQUE
264715,800,002,400004715026,      67GF  ,TOTAL TURNAR,CREAM     ,3,5511283,CLINIQUE ,CLINIQUE
270896,800,007,400000896027,      647J  ,10MATTE MED.,SUPERPOWD ,3,5511283,CLINIQUE ,CLINIQUE
318506,800,007,400008506031,      648C  ,02PUREPOSH  ,COLOUR SUR,3,5511283,CLINIQUE ,CLINIQUE
348498,800,002,400008498034,      6CEG  ,REPAIR NIGHT,1.7 CREAM ,3,5511283,CLINIQUE ,CLINIQUE
493803,800,002,400003803049,      65WL  ,ACNE SOLUTIO,LOTION    ,3,5511283,CLINIQUE ,CLINIQUE
548506,800,007,400008506054,      648C  ,18TOASTROSE ,COLOUR SUR,3,5511283,CLINIQUE ,CLINIQUE
566969,800,007,400006969056,      62R9  ,03HONEY     ,HONEY     ,3,5511283,CLINIQUE ,CLINIQUE
593921,800,002,400003921059,      662E01,WASH AWA GEL,GEL CLNSR ,3,5511283,CLINIQUE ,CLINIQUE
726718,800,002,400006718072,      60MK01,TAKE DAY OFF,E M/U REMO,3,5511283,CLINIQUE ,CLINIQUE
803921,800,002,400003921080,      663E02,RINSE OFF   ,FOAM CLNSR,3,5511283,CLINIQUE ,CLINIQUE
1226187,800,004,400006187122,      69RT  ,BODY BUTTER ,6.7 OUNCE ,3,5511283,CLINIQUE ,CLINIQUE
1228352,800,007,400008352122,      648G  ,07CLOUD     ,WORKOUT MU,3,5511283,CLINIQUE ,CLINIQUE
1286187,800,004,400006187128,      6AWM01,BODY EXFOIL ,8.5 OUNCES,3,5511283,CLINIQUE ,CLINIQUE
1310252,800,005,400000252131,      635M01,HAPPY 1.7   ,1.7 OZ    ,3,5511283,CLINIQUE ,CLINIQUE
1348183,800,001,400008183134,      6123  ,CLARIFY     ,#4 12 OZ  ,3,5511283,CLINIQUE ,CLINIQUE
1396897,800,007,400006897139,      60QH  ,01PETAL P   ,SUPERBAL  ,3,5511283,CLINIQUE ,CLINIQUE
1400555,800,002,400000555140,      67NM  ,REF LOTION  ,NO SIZE   ,3,5511283,CLINIQUE ,CLINIQUE
1410555,800,002,400000555141,      67NP  ,T ZONE      ,NO SIZE   ,3,5511283,CLINIQUE ,CLINIQUE
1568107,800,007,400008107156,      648G  ,02HONEY     ,WORKOUT MU,3,5511283,CLINIQUE ,CLINIQUE
1578107,800,007,400008107157,      648G  ,03BABYSKIN  ,WORKOUT MU,3,5511283,CLINIQUE ,CLINIQUE
1588107,800,007,400008107158,      648G  ,04BISQUE    ,WORKOUT MU,3,5511283,CLINIQUE ,CLINIQUE
1658506,800,007,400008506165,      67G5  ,01BLACK     ,LSH CURL  ,6,5511283,CLINIQUE ,CLINIQUE
1658851,800,002,400008851165,      644T  ,ALL AB.LIPS ,.5 OZ     ,3,5511283,CLINIQUE ,CLINIQUE
1832285,800,007,400002285183,      634C  ,01BLACK     ,LSH DBL M ,6,5511283,CLINIQUE ,CLINIQUE
1842285,800,007,400002285184,      634C  ,02BRWN/BLK  ,LSH DBL M ,6,5511283,CLINIQUE ,CLINIQUE
1888389,800,007,400008389188,      61EM  ,13CRUSBERY  ,13CRUSHBER,3,5511283,CLINIQUE ,CLINIQUE
1898389,800,007,400008389189,      61EM  ,14VELVTROS  ,14VELVETRO,3,5511283,CLINIQUE ,CLINIQUE
1901469,800,007,400001469190,      6346  ,07SOFTBROW  ,BROW SHAPE,3,5511283,CLINIQUE ,CLINIQUE
1933241,800,007,400003241193,      617J  ,02LIGHT     ,ALMOST    ,3,5511283,CLINIQUE ,CLINIQUE
1943241,800,007,400003241194,      617J  ,03MEDIUM    ,ALMOST    ,3,5511283,CLINIQUE ,CLINIQUE
2056578,800,007,400006578205,      6AJY  ,04FRPETAL   ,COMPACT   ,3,5511283,CLINIQUE ,CLINIQUE
2066578,800,007,400006578206,      6AJY  ,05IVRYLGT   ,COMPACT   ,3,5511283,CLINIQUE ,CLINIQUE
2072671,800,007,400002671207,      66TF  ,01BLACK     ,LNG PRETTY,6,5511283,CLINIQUE ,CLINIQUE
2116578,800,007,400006578211,      6AJY  ,08NEUTRAL   ,COMPACT   ,3,5511283,CLINIQUE ,CLINIQUE
2257565,800,007,400007565225,      6EL2X4,BRUSH SET   ,BRUSH SET ,12,5511283,CLINIQUE ,CLINIQUE
2258366,800,007,400008366225,      647J  ,07NEUTRAL   ,SUPERPOWDE,3,5511283,CLINIQUE ,CLINIQUE
2267565,800,007,400007565226,      6EL8X4,SUPERBALMS  ,LIP SET   ,6,5511283,CLINIQUE ,CLINIQUE
2288366,800,007,400008366228,      6362  ,08NEUTRAL   ,BLENDED   ,3,5511283,CLINIQUE ,CLINIQUE
2292671,800,007,400002671229,      66TF  ,02BLK/BRWN  ,LNG PRETTY,6,5511283,CLINIQUE ,CLINIQUE
2356897,800,007,400006897235,      60QH  ,02FAIR P    ,SUPERBAL  ,3,5511283,CLINIQUE ,CLINIQUE
2361001,800,007,400001001236,      67YW  ,02NEUTRAL   ,CLARIFY   ,3,5511283,CLINIQUE ,CLINIQUE
2366897,800,007,400006897236,      60QH  ,03IVORY N   ,SUPERBAL  ,3,5511283,CLINIQUE ,CLINIQUE
2386897,800,007,400006897238,      60QH  ,04CRMCHAM   ,SUPERBAL  ,3,5511283,CLINIQUE ,CLINIQUE
2396897,800,007,400006897239,      60QH  ,05VANILLA   ,SUPERBAL  ,3,5511283,CLINIQUE ,CLINIQUE
2466897,800,007,400006897246,      60QH  ,08PORBEIGE  ,SUPERBAL  ,3,5511283,CLINIQUE ,CLINIQUE
2571221,800,007,400001221257,      62A4  ,07REALBLK   ,QUICK EYE ,3,5511283,CLINIQUE ,CLINIQUE
2641331,800,005,400001331264,      68H4  ,HHEART BODY ,CREAM     ,3,5511283,CLINIQUE ,CLINIQUE
2664855,800,007,400004855266,      6EFW  ,06STELAR PLM,GLOSSWEAR ,3,5511283,CLINIQUE ,CLINIQUE
2688353,800,007,400008353268,      645J  ,01BUFF      ,STAY MATTE,3,5511283,CLINIQUE ,CLINIQUE
2698353,800,007,400008353269,      645J  ,02NEUTRAL   ,STAY MATTE,3,5511283,CLINIQUE ,CLINIQUE
2708353,800,007,400008353270,      645J  ,03BEIGE     ,STAY MATTE,3,5511283,CLINIQUE ,CLINIQUE
2716578,800,001,400006578271,      6EM7  ,DDM GEL     ,1.7 OZ    ,3,5511283,CLINIQUE ,CLINIQUE
2718353,800,007,400008353271,      645J  ,04HONEY     ,STAY MATTE,3,5511283,CLINIQUE ,CLINIQUE
2726578,800,001,400006578272,      6EM6  ,DDM GEL     ,4.2 OZ    ,6,5511283,CLINIQUE ,CLINIQUE
2893159,800,007,400003159289,      617G  ,74SURPRISE  ,LIP DIFFER,3,5511283,CLINIQUE ,CLINIQUE
2933159,800,007,400003159293,      617G  ,76SHY       ,LIP DIFFER,3,5511283,CLINIQUE ,CLINIQUE
3013129,800,002,400003129301,      69NC  ,CLEANSER    ,.5 FL OZ  ,3,5511283,CLINIQUE ,CLINIQUE
3053129,800,002,400003129305,      68F3  ,M/U REMOVER ,2.5 FL OZ ,3,5511283,CLINIQUE ,CLINIQUE
3161221,800,007,400001221316,      68A0  ,01BLACK     ,H IMPACT  ,6,5511283,CLINIQUE ,CLINIQUE
3241469,800,007,400001469324,      673X  ,02VANILLA   ,S.FINISH  ,3,5511283,CLINIQUE ,CLINIQUE
3296578,800,007,400006578329,      6EPT  ,05SULTRY SPL,LIP       ,3,5511283,CLINIQUE ,CLINIQUE
3387564,800,007,400007564338,      6F0A  ,03LUCKPENY  ,CS EYE    ,3,5511283,CLINIQUE ,CLINIQUE
3427564,800,007,400007564342,      6F0A  ,07BLULAGON  ,CS EYE    ,3,5511283,CLINIQUE ,CLINIQUE
3524026,800,001,400004026352,      68LE  ,DDML PUMP   ,4.2 OZ    ,6,5511283,CLINIQUE ,CLINIQUE
3559555,800,002,400009555355,      667H  ,7DAY SCRUB  ,RINSE OFF ,3,5511283,CLINIQUE ,CLINIQUE
3561221,800,007,400001221356,      68A0  ,02BLACK/BR  ,H IMPACT  ,6,5511283,CLINIQUE ,CLINIQUE
3581365,800,002,400001365358,      62WT  ,NIGHT GEL   ,1.7 OZ    ,3,5511283,CLINIQUE ,CLINIQUE
3582465,800,002,400002465358,      6A0Y  ,REPAIR DAY  ,CREAM     ,3,5511283,CLINIQUE ,CLINIQUE
3589483,800,007,400009483358,      61EM  ,01LIPBLUSH  ,01LIPBLUSH,3,5511283,CLINIQUE ,CLINIQUE
3599483,800,007,400009483359,      61EM  ,02TENRTAUP  ,02TENDERT ,3,5511283,CLINIQUE ,CLINIQUE
3610057,800,007,400000057361,      64MT  ,01PURE IVORY,MAKEUP    ,3,5511283,CLINIQUE ,CLINIQUE
3611367,800,002,400001367361,      62WR01,ANTI SOAP   ,5.2 OZ    ,3,5511283,CLINIQUE ,CLINIQUE
3631365,800,002,400001365363,      62WQ  ,CLEANSE FOAM,4.2 OZ    ,3,5511283,CLINIQUE ,CLINIQUE
3649483,800,007,400009483364,      61EM  ,05TAWNYTUP  ,05TAWNYTUP,3,5511283,CLINIQUE ,CLINIQUE
3650057,800,007,400000057365,      64MT  ,02 FRESH CRM,MAKEUP    ,3,5511283,CLINIQUE ,CLINIQUE
3663946,800,001,400003946366,      609F01,XMILD SOAP  ,W/DISH    ,6,5511283,CLINIQUE ,CLINIQUE
3673946,800,001,400003946367,      610F01,XMILD SOAP  ,REFILL    ,6,5511283,CLINIQUE ,CLINIQUE
3683946,800,001,400003946368,      604401,CLARIFYING  ,MILD.6OZ  ,3,5511283,CLINIQUE ,CLINIQUE
3689483,800,007,400009483368,      61EM  ,06CHILI     ,06CHILI   ,3,5511283,CLINIQUE ,CLINIQUE
3690654,800,001,400000654369,      68MG  ,DDML TUBE   ,DDML TUBE ,3,5511283,CLINIQUE ,CLINIQUE
3699483,800,007,400009483369,      61EM  ,07PLUMMY    ,07PLUMMY  ,3,5511283,CLINIQUE ,CLINIQUE
3729483,800,007,400009483372,      61EM  ,10BABYBUFF  ,10BABYBUFF,3,5511283,CLINIQUE ,CLINIQUE
3751221,800,002,400001221375,      6A02  ,AA EYES     ,1.0 OZ    ,3,5511283,CLINIQUE ,CLINIQUE
3757564,800,007,400007564375,      6F0K  ,01SUNBURST  ,CS EYE    ,3,5511283,CLINIQUE ,CLINIQUE
3773095,800,002,400003095377,      67X2  ,FOAM MOUSSE ,4.2 OZ    ,3,5511283,CLINIQUE ,CLINIQUE
3777564,800,007,400007564377,      6F0K  ,03BUTTERED  ,CS EYE    ,3,5511283,CLINIQUE ,CLINIQUE
3787564,800,007,400007564378,      6F0K  ,04STRAWBER  ,CS EYE    ,3,5511283,CLINIQUE ,CLINIQUE
3817564,800,007,400007564381,      6F0K  ,06LILACTRU  ,CS EYE    ,3,5511283,CLINIQUE ,CLINIQUE
3844099,800,007,400004099384,      62A4  ,01NEW BLK   ,QUICK EYE ,3,5511283,CLINIQUE ,CLINIQUE
3854099,800,007,400004099385,      62A4  ,02SMOKEBRW  ,QUICK EYE ,3,5511283,CLINIQUE ,CLINIQUE
3864099,800,007,400004099386,      62A4  ,03ROASTCOF  ,QUICK EYE ,3,5511283,CLINIQUE ,CLINIQUE
3868338,800,007,400008338386,      6339  ,10CANVAS    ,TOUCH BASE,3,5511283,CLINIQUE ,CLINIQUE
3874099,800,007,400004099387,      62A4  ,04SLATE     ,QUICK EYE ,3,5511283,CLINIQUE ,CLINIQUE
3878338,800,007,400008338387,      6339  ,11MOONLIGHT ,TOUCH BASE,3,5511283,CLINIQUE ,CLINIQUE
3894099,800,007,400004099389,      62A4  ,06VIOLET    ,QUICK EYE ,3,5511283,CLINIQUE ,CLINIQUE
3898011,800,001,400008011389,      6101  ,MILD SOAP   ,W/DISH    ,6,5511283,CLINIQUE ,CLINIQUE
3908011,800,001,400008011390,      6102  ,XSTRENGTH   ,W/DISH    ,6,5511283,CLINIQUE ,CLINIQUE
3949538,800,005,400009538394,      61CE01,HAPPY 3.4OZ ,3.4 OZ    ,3,5511283,CLINIQUE ,CLINIQUE
3968011,800,001,400008011396,      6120  ,CLARIFY     ,#2  6 OZ  ,3,5511283,CLINIQUE ,CLINIQUE
3968356,800,002,400008356396,      6270  ,ANTI ACNE   ,.5 OZ.    ,3,5511283,CLINIQUE ,CLINIQUE
3978011,800,001,400008011397,      6121  ,CLARIFY     ,#2 13.5 OZ,3,5511283,CLINIQUE ,CLINIQUE
3988011,800,001,400008011398,      6125  ,CLARIFY     ,#3 6 OZ   ,3,5511283,CLINIQUE ,CLINIQUE
3998011,800,001,400008011399,      6126  ,CLARIFY     ,#3 12 OZ  ,3,5511283,CLINIQUE ,CLINIQUE
4008011,800,001,400008011400,      6011  ,3 MILD      ,3TRAVDISH ,3,5511283,CLINIQUE ,CLINIQUE
4008113,800,007,400008113400,      6339  ,07BUFFLIGHTI,TOUCH BASE,3,5511283,CLINIQUE ,CLINIQUE
4032567,800,007,400002567403,      618J  ,18TOTALLY   ,POWDER BLU,3,5511283,CLINIQUE ,CLINIQUE
4062567,800,007,400002567406,      618J  ,20MOCHAPIN  ,POWDER BLU,3,5511283,CLINIQUE ,CLINIQUE
4072567,800,007,400002567407,      618J  ,21PLUMGORG  ,POWDER BLU,3,5511283,CLINIQUE ,CLINIQUE
4096578,800,007,400006578409,      69Y1  ,01TRUE NUDE ,BLUSH     ,3,5511283,CLINIQUE ,CLINIQUE
4108011,800,001,400008011410,      6142  ,DDML        ,DDML 4 OZ ,6,5511283,CLINIQUE ,CLINIQUE
4112626,800,002,400002626411,      61EP  ,AA EYES     ,.5 OZ     ,3,5511283,CLINIQUE ,CLINIQUE
4118498,800,002,400008498411,      67JL  ,REPAIRWEAR  ,1.0 SERUM ,3,5511283,CLINIQUE ,CLINIQUE
4126578,800,007,400006578412,      69Y1  ,04PETAL CREA,BLUSH     ,3,5511283,CLINIQUE ,CLINIQUE
4136578,800,007,400006578413,      69Y1  ,05PLUSH PLUM,BLUSH     ,3,5511283,CLINIQUE ,CLINIQUE
4138348,800,007,400008348413,      62A3  ,31JETBLACK  ,NAT GLOSS ,6,5511283,CLINIQUE ,CLINIQUE
4148348,800,007,400008348414,      62A3  ,32JETBROWN  ,NAT GLOSS ,6,5511283,CLINIQUE ,CLINIQUE
4148364,800,007,400008364414,      6331  ,22CHAR.BROWN,*DISC     ,3,5511283,CLINIQUE ,CLINIQUE
4198011,800,007,400008011419,      6362  ,02TRANS 2   ,BLENDED   ,3,5511283,CLINIQUE ,CLINIQUE
4208011,800,007,400008011420,      6362  ,03TRANS 3   ,BLENDED   ,3,5511283,CLINIQUE ,CLINIQUE
4218011,800,007,400008011421,      6362  ,04TRANS 4   ,BLENDED   ,3,5511283,CLINIQUE ,CLINIQUE
4329285,800,002,400009285432,      67T9  ,MOIST SURGE ,2.5       ,3,5511283,CLINIQUE ,CLINIQUE
4331116,800,004,400001116433,      65L5  ,STOP SIGN HD,2.5 OZ    ,3,5511283,CLINIQUE ,CLINIQUE
4344366,800,007,400004366434,      608E  ,09WATER BL  ,*DISC     ,3,5511283,CLINIQUE ,CLINIQUE
4354366,800,007,400004366435,      608E  ,10ASH VIOL  ,PR SHADES ,3,5511283,CLINIQUE ,CLINIQUE
4440924,800,001,400000924444,      64FN  ,DDML        ,*DISC     ,6,5511283,CLINIQUE ,CLINIQUE
4484478,800,002,400004478448,      618P  ,MOIST O CALL,1.6 OZ    ,3,5511283,CLINIQUE ,CLINIQUE
4488011,800,007,400008011448,      6304  ,01IVORY     ,BALANCE MU,3,5511283,CLINIQUE ,CLINIQUE
4498011,800,007,400008011449,      6304  ,02PORCELAIN ,BALANCE MU,3,5511283,CLINIQUE ,CLINIQUE
4621037,800,007,400001037462,      608E  ,36IVRY/BRZ  ,PR SHADES ,3,5511283,CLINIQUE ,CLINIQUE
4641037,800,007,400001037464,      608E  ,37STARSTRK  ,PR SHADES ,3,5511283,CLINIQUE ,CLINIQUE
4658011,800,007,400008011465,      647G  ,07IVORYGLOW ,CONTIN COV,3,5511283,CLINIQUE ,CLINIQUE
4661037,800,007,400001037466,      608E  ,38MAUVE     ,PR SHADES ,3,5511283,CLINIQUE ,CLINIQUE
4746413,800,007,400006413474,      649G  ,02CREAM     ,SOFT FINIS,3,5511283,CLINIQUE ,CLINIQUE
4756413,800,007,400006413475,      649G  ,03VANILLA   ,SOFT FINIS,3,5511283,CLINIQUE ,CLINIQUE
4776413,800,007,400006413477,      649G  ,05BEIGE     ,SOFT FINIS,3,5511283,CLINIQUE ,CLINIQUE
4838011,800,007,400008011483,      618J  ,05CHESTNUT  ,POWDER BLU,3,5511283,CLINIQUE ,CLINIQUE
4866413,800,007,400006413486,      649G  ,07HONEY     ,SOFT FINIS,3,5511283,CLINIQUE ,CLINIQUE
4928011,800,007,400008011492,      618J  ,04PINKBLUSH ,POWDER BLU,3,5511283,CLINIQUE ,CLINIQUE
4938011,800,007,400008011493,      618J  ,02HONEYBLUSH,POWDER BLU,3,5511283,CLINIQUE ,CLINIQUE
4976322,800,007,400006322497,      62A4  ,10DARK CHO  ,QUICK EYE ,3,5511283,CLINIQUE ,CLINIQUE
4992993,800,007,400002993499,      6CLW  ,LASH BUILD  ,PRIMER    ,6,5511283,CLINIQUE ,CLINIQUE
4999530,800,007,400009530499,      635P  ,AK/BAMBOO PI,LL SHINE  ,3,5511283,CLINIQUE ,CLINIQUE
5028011,800,007,400008011502,      6312  ,01LIGHT     ,QUICK CORR,3,5511283,CLINIQUE ,CLINIQUE
5036322,800,007,400006322503,      62A4  ,11BLK/BRWN  ,QUICK EYE ,3,5511283,CLINIQUE ,CLINIQUE
5038011,800,007,400008011503,      6312  ,02MEDIUM    ,QUICK CORR,3,5511283,CLINIQUE ,CLINIQUE
5066413,800,007,400006413506,      650G  ,01FAIR      ,SOFT CONC ,3,5511283,CLINIQUE ,CLINIQUE
5076322,800,007,400006322507,      62A4  ,12MOSS      ,QUICK EYE ,3,5511283,CLINIQUE ,CLINIQUE
5076413,800,007,400006413507,      650G  ,02LIGHT     ,SOFT CONC ,3,5511283,CLINIQUE ,CLINIQUE
5079809,800,002,400009809507,      622U  ,MOIST/LINE  ,MOIST/LINE,2,5511283,CLINIQUE ,CLINIQUE
5096322,800,007,400006322509,      62A4  ,14NAVY      ,QUICK EYE ,3,5511283,CLINIQUE ,CLINIQUE
5098107,800,007,400008107509,      647J  ,01IVORY     ,SUPERPOWDE,3,5511283,CLINIQUE ,CLINIQUE
5108107,800,007,400008107510,      647J  ,02BEIGE     ,SUPERPOWDE,3,5511283,CLINIQUE ,CLINIQUE
5216322,800,007,400006322521,      62A4  ,15GRAPE     ,QUICK EYE ,3,5511283,CLINIQUE ,CLINIQUE
5509179,800,007,400009179550,      645J  ,17STYGLDN   ,STAY MATTE,3,5511283,CLINIQUE ,CLINIQUE
5737326,800,005,400007326573,      62AH01,HAPPY F04   ,1.0 OZ    ,1,5511283,CLINIQUE ,CLINIQUE
5758109,800,007,400008109575,      6316  ,01IVORY     ,STAYTRU MU,3,5511283,CLINIQUE ,CLINIQUE
5778109,800,007,400008109577,      6316  ,03BEIGE     ,STAYTRU MU,3,5511283,CLINIQUE ,CLINIQUE
5878946,800,004,400008946587,      63X001,DEEP COMFORT,BODY MOIST,3,5511283,CLINIQUE ,CLINIQUE
5923159,800,007,400003159592,      61EM  ,28COCOAROS  ,28COCOAROS,3,5511283,CLINIQUE ,CLINIQUE
5957568,800,003,400007568595,      63M8  ,SUP CITY BLO,63M8      ,3,5511283,CLINIQUE ,CLINIQUE
5978084,800,007,400008084597,      618J  ,01NEWCLOVER ,POWDER BLU,3,5511283,CLINIQUE ,CLINIQUE
6126322,800,007,400006322612,      66RL  ,02LIKEMINK  ,*DISC     ,3,5511283,CLINIQUE ,CLINIQUE
6318344,800,001,400008344631,      6034  ,MILD SOAP   ,REFILL    ,6,5511283,CLINIQUE ,CLINIQUE
6328344,800,001,400008344632,      6035  ,XSTRENGTH   ,REFILL    ,6,5511283,CLINIQUE ,CLINIQUE
6352840,800,007,400002840635,      6AL9  ,08 SHADE    ,#08       ,3,5511283,CLINIQUE ,CLINIQUE
6376322,800,007,400006322637,      66RL  ,09ROSEWINE  ,*DISC     ,3,5511283,CLINIQUE ,CLINIQUE
6458364,800,007,400008364645,      6334  ,11BLACK     ,GENT.WPROO,3,5511283,CLINIQUE ,CLINIQUE
6468364,800,007,400008364646,      6334  ,12BLACK/BRWN,GENT.WPROO,3,5511283,CLINIQUE ,CLINIQUE
6592840,800,007,400002840659,      6AL9  ,14 SHADE    ,#14       ,3,5511283,CLINIQUE ,CLINIQUE
6628011,800,007,400008011662,      617G  ,33RASPBERYGL,LIP DIFFER,3,5511283,CLINIQUE ,CLINIQUE
6707297,800,008,400007297670,      6EKP01,BCA COMPACT ,SET F04   ,6,5511283,CLINIQUE ,CLINIQUE
6763799,800,007,400003799676,      61EQ  ,02LITE NEUTR,CMPT CONC ,3,5511283,CLINIQUE ,CLINIQUE
7057566,800,007,400007566705,      6EL9X4,HOLIDAY SHIM,GLOSSWEAR ,6,5511283,CLINIQUE ,CLINIQUE
7064350,800,002,400004350706,      69NA01,STOP SIGNS  ,1.7 OUNCES,3,5511283,CLINIQUE ,CLINIQUE
7067566,800,007,400007566706,      6ELAX4,MINI LIPS   ,LIP SET   ,6,5511283,CLINIQUE ,CLINIQUE
7077566,800,001,400007566707,      6ELCX4,GREAT SKIN  ,TYPE I/II ,6,5511283,CLINIQUE ,CLINIQUE
7127566,800,001,400007566712,      6ELEX4,GREAT SKIN  ,TYP III/IV,6,5511283,CLINIQUE ,CLINIQUE
7197141,800,007,400007141719,      61N1  ,04SWTCHEEK  ,04 SWTCHEE,3,5511283,CLINIQUE ,CLINIQUE
7217141,800,007,400007141721,      61N1  ,06LUCKYCLV  ,06 LUCKYCL,3,5511283,CLINIQUE ,CLINIQUE
7228011,800,006,400008011722,      650202,M XTR STRENG,6OZ XTRA  ,3,5511283,CLINIQUE ,CLINIQUE
7258011,800,006,400008011725,      651502,SCRUF 3 1/2 ,6 OZ.     ,3,5511283,CLINIQUE ,CLINIQUE
7261032,800,002,400001032726,      64HM01,ANTI-GRAVITY,CREAM     ,3,5511283,CLINIQUE ,CLINIQUE
7588272,800,007,400008272758,      617G  ,50BRONZELEAF,LIP DIFFER,3,5511283,CLINIQUE ,CLINIQUE
7803299,800,002,400003299780,      67F1  ,ACNE DAYTIME,1.7 OUNCES,3,5511283,CLINIQUE ,CLINIQUE
7808101,800,002,400008101780,      6147  ,RINSE OFF   ,CLEANSE   ,3,5511283,CLINIQUE ,CLINIQUE
7877566,800,006,400007566787,      6ELTX4,SHAVE SET   ,MENS HOLID,3,5511283,CLINIQUE ,CLINIQUE
7990668,800,007,400000668799,      64XF  ,06JUICYRED  ,JUICY     ,3,5511283,CLINIQUE ,CLINIQUE
8000668,800,007,400000668800,      64XF  ,07AIRKISS   ,AIRKISS   ,3,5511283,CLINIQUE ,CLINIQUE
8123420,800,007,400003420812,      60QH  ,27ALABASTE  ,SUPERBAL  ,3,5511283,CLINIQUE ,CLINIQUE
8133420,800,007,400003420813,      60QH  ,28LIGHT     ,SUPERBAL  ,3,5511283,CLINIQUE ,CLINIQUE
8391343,800,007,400001343839,      65EF  ,02LIGHT     ,LS CONC   ,3,5511283,CLINIQUE ,CLINIQUE
8401343,800,007,400001343840,      65EF  ,03FAIR      ,LS CONC   ,3,5511283,CLINIQUE ,CLINIQUE
8408104,800,007,400008104840,      617G  ,51THINKBRONZ,LIP DIFFER,3,5511283,CLINIQUE ,CLINIQUE
8541343,800,007,400001343854,      65G1  ,01SUGAR     ,*DISC     ,3,5511283,CLINIQUE ,CLINIQUE
8612840,800,007,400002840861,      6C73  ,01TEDYBEAR  ,QUAD EYE  ,3,5511283,CLINIQUE ,CLINIQUE
8621343,800,007,400001343862,      65G1  ,03SBEACH    ,*DISC     ,3,5511283,CLINIQUE ,CLINIQUE
8671343,800,007,400001343867,      65G1  ,04FOXY      ,*DISC     ,3,5511283,CLINIQUE ,CLINIQUE
8711343,800,007,400001343871,      65G1  ,07SUNKISS   ,*DISC     ,3,5511283,CLINIQUE ,CLINIQUE
8712840,800,007,400002840871,      6C73  ,02SPICY     ,QUAD EYE  ,3,5511283,CLINIQUE ,CLINIQUE
8791356,800,007,400001356879,      60PQ01,EYE/LIP SHAR,E/L SHARP ,24,5511283,CLINIQUE ,CLINIQUE
8942943,800,007,400002943894,      66XL  ,06NUDESPAR  ,TOUCH TINT,3,5511283,CLINIQUE ,CLINIQUE
9004350,800,007,400004350900,      6AT5  ,03RCHTAWNY  ,RICH BLUSH,3,5511283,CLINIQUE ,CLINIQUE
9014350,800,007,400004350901,      6AT5  ,04RICHPLUM  ,RICH BLUSH,3,5511283,CLINIQUE ,CLINIQUE
9124803,800,002,400004803912,      68P2  ,01SHADE 1   ,SHADE 1   ,3,5511283,CLINIQUE ,CLINIQUE
9168271,800,007,400008271916,      6296  ,01LIGHTMATTE,ADVANC CON,3,5511283,CLINIQUE ,CLINIQUE
9178271,800,007,400008271917,      6296  ,02MED.MATTE ,ADVANC CON,3,5511283,CLINIQUE ,CLINIQUE
9248504,800,007,400008504924,      66XL  ,02PNKSHEEN  ,TOUCH TINT,3,5511283,CLINIQUE ,CLINIQUE
9257426,800,007,400007426925,      61X9  ,01SHELL     ,SUPERFIT  ,3,5511283,CLINIQUE ,CLINIQUE
9267426,800,007,400007426926,      61X9  ,03PETAL     ,SUPERFIT  ,3,5511283,CLINIQUE ,CLINIQUE
9277426,800,007,400007426927,      61X9  ,05NEUTRAL   ,SUPERFIT  ,3,5511283,CLINIQUE ,CLINIQUE
9297426,800,007,400007426929,      61X9  ,07HONEY     ,SUPERFIT  ,3,5511283,CLINIQUE ,CLINIQUE
9307426,800,007,400007426930,      61X9  ,09BEIGE     ,SUPERFIT  ,3,5511283,CLINIQUE ,CLINIQUE
9402188,800,002,400002188940,      64KM  ,ANTI GRAVITY,FIRMNG EY ,3,5511283,CLINIQUE ,CLINIQUE
9411343,800,007,400001343941,      61N1  ,19SUGARPLM  ,19 SUGARPL,3,5511283,CLINIQUE ,CLINIQUE
9424350,800,007,400004350942,      65EG  ,05BEIGEPETAL,DEWY SMOOT,3,5511283,CLINIQUE ,CLINIQUE
9434350,800,007,400004350943,      65EG  ,06NATURALWAR,DEWY SMOOT,3,5511283,CLINIQUE ,CLINIQUE
9454350,800,007,400004350945,      65EG  ,09SWEETBEIGE,DEWY SMOOT,3,5511283,CLINIQUE ,CLINIQUE
9504350,800,007,400004350950,      69XT  ,05WHISPER   ,GLOSSWEAR ,3,5511283,CLINIQUE ,CLINIQUE
9507519,800,007,400007519950,      617G  ,62TENDERHE  ,LIP DIFFER,3,5511283,CLINIQUE ,CLINIQUE
9526376,800,002,400006376952,      68CG  ,EXFOLATING  ,3.4 OZ    ,3,5511283,CLINIQUE ,CLINIQUE
9594893,800,002,400004893959,      60GK  ,MOIST/CONTRO,1.7 OZ.   ,3,5511283,CLINIQUE ,CLINIQUE
9667426,800,007,400007426966,      61X9  ,15CRMWHIP   ,SUPERFIT  ,3,5511283,CLINIQUE ,CLINIQUE
9880895,800,007,400000895988,      60QH  ,32BREEZE    ,SUPERBAL  ,3,5511283,CLINIQUE ,CLINIQUE
9891900,800,002,400001900989,      66GC  ,MOIST SURGE ,*DISC     ,3,5511283,CLINIQUE ,CLINIQUE
9908506,800,007,400008506990,      6CM2  ,02MEDIUM    ,AIR CON   ,3,5511283,CLINIQUE ,CLINIQUE
9911900,800,002,400001900991,      66HA  ,MOIST SURGE ,EXTRA     ,3,5511283,CLINIQUE ,CLINIQUE
9919950,800,007,400009950991,      635P  ,02SUGAR B   ,LL SHINE  ,3,5511283,CLINIQUE ,CLINIQUE
9999170,800,007,400009170999,      608E  ,39LOVEY DOVE,PR SHADES ,3,5511283,CLINIQUE ,CLINIQUE
9999950,800,007,400009950999,      635P  ,10BERRY     ,LL SHINE  ,3,5511283,CLINIQUE ,CLINIQUE
